id,name,generation
1,,1
2,,1
3,,1
4,,1
5,,1
6,,1
7,,1
8,,1
9,,1
10,,1
11,,1
12,,1
13,,1
14,,1
15,,1
16,,1
17,,1
18,,1
19,,1
20,,1
21,,1
22,,1
23,,1
24,,1
25,,1
26,,1
27,,1
28,,1
29,,1
30,,1
31,,1
32,,1
33,,1
34,,1
35,,1
36,,1
37,,1
38,,1
39,,1
40,,1
41,,1
42,,1
43,,1
44,,1
45,,1
46,,1
47,,1
48,,1
49,,1
50,,1
51,,1
52,,1
53,,1
54,,1
55,,1
56,,1
57,,1
58,,1
59,,1
60,,1
61,,1
62,,1
63,,1
64,,1
65,,1
66,,1
67,,1
68,,1
69,,1
70,,1
71,,1
72,,1
73,,1
74,,1
75,,1
76,,1
77,,1
78,,1
79,,1
80,,1
81,,1
82,,1
83,,1
84,,1
85,,1
86,,1
87,,1
88,,1
89,,1
90,,1
91,,1
92,,1
93,,1
94,,1
95,,1
96,,1
97,,1
98,,1
99,,1
100,,1
101,,1
102,,1
103,,1
104,,1
105,,1
106,,1
107,,1
108,,1
109,,1
110,,1
111,,1
112,,1
113,,1
114,,1
115,,1
116,,1
117,,1
118,,1
119,,1
120,,1
121,,1
122,,1
123,,1
124,,1
125,,1
126,,1
127,,1
128,,1
129,,1
130,,1
131,,1
132,,1
133,,1
134,,1
135,,1
136,,1
137,,1
138,,1
139,,1
140,,1
141,,1
142,,1
143,,1
144,,1
145,,1
146,,1
147,,1
148,,1
149,,1
150,,1
151,,1
152,,2
153,,2
154,,2
155,,2
156,,2
157,,2
158,,2
159,,2
160,,2
161,,2
162,,2
163,,2
164,,2
165,,2
166,,2
167,,2
168,,2
169,,2
170,,2
171,,2
172,,2
173,,2
174,,2
175,,2
176,,2
177,,2
178,,2
179,,2
180,,2
181,,2
182,,2
183,,2
184,,2
185,,2
186,,2
187,,2
188,,2
189,,2
190,,2
191,,2
192,,2
193,,2
194,,2
195,,2
196,,2
197,,2
198,,2
199,,2
200,,2
201,,2
202,,2
203,,2
204,,2
205,,2
206,,2
207,,2
208,,2
209,,2
210,,2
211,,2
212,,2
213,,2
214,,2
215,,2
216,,2
217,,2
218,,2
219,,2
220,,2
221,,2
222,,2
223,,2
224,,2
225,,2
226,,2
227,,2
228,,2
229,,2
230,,2
231,,2
232,,2
233,,2
234,,2
235,,2
236,,2
237,,2
238,,2
239,,2
240,,2
241,,2
242,,2
243,,2
244,,2
245,,2
246,,2
247,,2
248,,2
249,,2
250,,2
251,,2
252,,3
253,,3
254,,3
255,,3
256,,3
257,,3
258,,3
259,,3
260,,3
261,,3
262,,3
263,,3
264,,3
265,,3
266,,3
267,,3
268,,3
269,,3
270,,3
271,,3
272,,3
273,,3
274,,3
275,,3
276,,3
277,,3
278,,3
279,,3
280,,3
281,,3
282,,3
283,,3
284,,3
285,,3
286,,3
287,,3
288,,3
289,,3
290,,3
291,,3
292,,3
293,,3
294,,3
295,,3
296,,3
297,,3
298,,3
299,,3
300,,3
301,,3
302,,3
303,,3
304,,3
305,,3
306,,3
307,,3
308,,3
309,,3
310,,3
311,,3
312,,3
313,,3
314,,3
315,,3
316,,3
317,,3
318,,3
319,,3
320,,3
321,,3
322,,3
323,,3
324,,3
325,,3
326,,3
327,,3
328,,3
329,,3
330,,3
331,,3
332,,3
333,,3
334,,3
335,,3
336,,3
337,,3
338,,3
339,,3
340,,3
341,,3
342,,3
343,,3
344,,3
345,,3
346,,3
347,,3
348,,3
349,,3
350,,3
351,,3
352,,3
353,,3
354,,3
355,,3
356,,3
357,,3
358,,3
359,,3
360,,3
361,,3
362,,3
363,,3
364,,3
365,,3
366,,3
367,,3
368,,3
369,,3
370,,3
371,,3
372,,3
373,,3
374,,3
375,,3
376,,3
377,,3
378,,3
379,,3
380,,3
381,,3
382,,3
383,,3
384,,3
385,,3
386,,3
387,,4
388,,4
389,,4
390,,4
391,,4
392,,4
393,,4
394,,4
395,,4
396,,4
397,,4
398,,4
399,,4
400,,4
401,,4
402,,4
403,,4
404,,4
405,,4
406,,4
407,,4
408,,4
409,,4
410,,4
411,,4
412,,4
413,,4
414,,4
415,,4
416,,4
417,,4
418,,4
419,,4
420,,4
421,,4
422,,4
423,,4
424,,4
425,,4
426,,4
427,,4
428,,4
429,,4
430,,4
431,,4
432,,4
433,,4
434,,4
435,,4
436,,4
437,,4
438,,4
439,,4
440,,4
441,,4
442,,4
443,,4
444,,4
445,,4
446,,4
447,,4
448,,4
449,,4
450,,4
451,,4
452,,4
453,,4
454,,4
455,,4
456,,4
457,,4
458,,4
459,,4
460,,4
461,,4
462,,4
463,,4
464,,4
465,,4
466,,4
467,,4
468,,4
469,,4
470,,4
471,,4
472,,4
473,,4
474,,4
475,,4
476,,4
477,,4
478,,4
479,,4
480,,4
481,,4
482,,4
483,,4
484,,4
485,,4
486,,4
487,,4
488,,4
489,,4
490,,4
491,,4
492,,4
493,,4
494,,5
495,,5
496,,5
497,,5
498,,5
499,,5
500,,5
501,,5
502,,5
503,,5
504,,5
505,,5
506,,5
507,,5
508,,5
509,,5
510,,5
511,,5
512,,5
513,,5
514,,5
515,,5
516,,5
517,,5
518,,5
519,,5
520,,5
521,,5
522,,5
523,,5
524,,5
525,,5
526,,5
527,,5
528,,5
529,,5
530,,5
531,,5
532,,5
533,,5
534,,5
535,,5
536,,5
537,,5
538,,5
539,,5
540,,5
541,,5
542,,5
543,,5
544,,5
545,,5
546,,5
547,,5
548,,5
549,,5
550,,5
551,,5
552,,5
553,,5
554,,5
555,,5
556,,5
557,,5
558,,5
559,,5
560,,5
561,,5
562,,5
563,,5
564,,5
565,,5
566,,5
567,,5
568,,5
569,,5
570,,5
571,,5
572,,5
573,,5
574,,5
575,,5
576,,5
577,,5
578,,5
579,,5
580,,5
581,,5
582,,5
583,,5
584,,5
585,,5
586,,5
587,,5
588,,5
589,,5
590,,5
591,,5
592,,5
593,,5
594,,5
595,,5
596,,5
597,,5
598,,5
599,,5
600,,5
601,,5
602,,5
603,,5
604,,5
605,,5
606,,5
607,,5
608,,5
609,,5
610,,5
611,,5
612,,5
613,,5
614,,5
615,,5
616,,5
617,,5
618,,5
619,,5
620,,5
621,,5
622,,5
623,,5
624,,5
625,,5
626,,5
627,,5
628,,5
629,,5
630,,5
631,,5
632,,5
633,,5
634,,5
635,,5
636,,5
637,,5
638,,5
639,,5
640,,5
641,,5
642,,5
643,,5
644,,5
645,,5
646,,5
647,,5
648,,5
649,,5
650,,6
651,,6
652,,6
653,,6
654,,6
655,,6
656,,6
657,,6
658,,6
659,,6
660,,6
661,,6
662,,6
663,,6
664,,6
665,,6
666,,6
667,,6
668,,6
669,,6
670,,6
671,,6
672,,6
673,,6
674,,6
675,,6
676,,6
677,,6
678,,6
679,,6
680,,6
681,,6
682,,6
683,,6
684,,6
685,,6
686,,6
687,,6
688,,6
689,,6
690,,6
691,,6
692,,6
693,,6
694,,6
695,,6
696,,6
697,,6
698,,6
699,,6
700,,6
701,,6
702,,6
703,,6
704,,6
705,,6
706,,6
707,,6
708,,6
709,,6
710,,6
711,,6
712,,6
713,,6
714,,6
715,,6
716,,6
717,,6
718,,6
719,,6
720,,6
721,,6
722,,7
723,,7
724,,7
725,,7
726,,7
727,,7
728,,7
729,,7
730,,7
731,,7
732,,7
733,,7
734,,7
735,,7
736,,7
737,,7
738,,7
739,,7
740,,7
741,,7
742,,7
743,,7
744,,7
745,,7
746,,7
747,,7
748,,7
749,,7
750,,7
751,,7
752,,7
753,,7
754,,7
755,,7
756,,7
757,,7
758,,7
759,,7
760,,7
761,,7
762,,7
763,,7
764,,7
765,,7
766,,7
767,,7
768,,7
769,,7
770,,7
771,,7
772,,7
773,,7
774,,7
775,,7
776,,7
777,,7
778,,7
779,,7
780,,7
781,,7
782,,7
783,,7
784,,7
785,,7
786,,7
787,,7
788,,7
789,,7
790,,7
791,,7
792,,7
793,,7
794,,7
795,,7
796,,7
797,,7
798,,7
799,,7
800,,7
801,,7
802,,7
803,,7
804,,7
805,,7
806,,7
807,,7
808,,7
809,,7
810,,8
811,,8
812,,8
813,,8
814,,8
815,,8
816,,8
817,,8
818,,8
819,,8
820,,8
821,,8
822,,8
823,,8
824,,8
825,,8
826,,8
827,,8
828,,8
829,,8
830,,8
831,,8
832,,8
833,,8
834,,8
835,,8
836,,8
837,,8
838,,8
839,,8
840,,8
841,,8
842,,8
843,,8
844,,8
845,,8
846,,8
847,,8
848,,8
849,,8
850,,8
851,,8
852,,8
853,,8
854,,8
855,,8
856,,8
857,,8
858,,8
859,,8
860,,8
861,,8
862,,8
863,,8
864,,8
865,,8
866,,8
867,,8
868,,8
869,,8
870,,8
871,,8
872,,8
873,,8
874,,8
875,,8
876,,8
877,,8
878,,8
879,,8
880,,8
881,,8
882,,8
883,,8
884,,8
885,,8
886,,8
887,,8
888,,8
889,,8
890,,8
891,,8
892,,8
893,,8
894,,8
895,,8
896,,8
897,,8
898,,8
899,,8
900,,8
901,,8
902,,8
903,,8
904,,8
905,,8
906,,9
907,,9
908,,9
909,,9
910,,9
911,,9
912,,9
913,,9
914,,9
915,,9
916,,9
917,,9
918,,9
919,,9
920,,9
921,,9
922,,9
923,,9
924,,9
925,,9
926,,9
927,,9
928,,9
929,,9
930,,9
931,,9
932,,9
933,,9
934,,9
935,,9
936,,9
937,,9
938,,9
939,,9
940,,9
941,,9
942,,9
943,,9
944,,9
945,,9
946,,9
947,,9
948,,9
949,,9
950,,9
951,,9
952,,9
953,,9
954,,9
955,,9
956,,9
957,,9
958,,9
959,,9
960,,9
961,,9
962,,9
963,,9
964,,9
965,,9
966,,9
967,,9
968,,9
969,,9
970,,9
971,,9
972,,9
973,,9
974,,9
975,,9
976,,9
977,,9
978,,9
979,,9
980,,9
981,,9
982,,9
983,,9
984,,9
985,,9
986,,9
987,,9
988,,9
989,,9
990,,9
991,,9
992,,9
993,,9
994,,9
995,,9
996,,9
997,,9
998,,9
999,,9
1000,,9
1001,,9
1002,,9
1003,,9
1004,,9
1005,,9
1006,,9
1007,,9
1008,,9
1009,,9
1010,,9
1011,,9
1012,,9
1013,,9
1014,,9
1015,,9
1016,,9
1017,,9
1018,,9
1019,,9
1020,,9
1021,,9
1022,,9
1023,,9
1024,,9
1025,,9
